"id","hist_id","operation","snapshot","operator","created"
"1","1","create","{""version"": ""0000"", ""name"": ""init"", ""author"": """", ""type"": ""schema"", ""change"": {""forward"": {""id"": ""a4833f8f3e50dd47032bd7a970ac74fcbd6fcaf8""}}, ""dependencies"": [], ""checksum"": ""3ff60744b461c0e3c2426244469c6b6989bc6028""}","williamhuichang","2026-09-17 16:31:31"
"2","1","update_succ","{""version"": ""0000"", ""name"": ""init"", ""author"": """", ""type"": ""schema"", ""change"": {""forward"": {""id"": ""a4833f8f3e50dd47032bd7a970ac74fcbd6fcaf8""}}, ""dependencies"": [], ""checksum"": ""3ff60744b461c0e3c2426244469c6b6989bc6028""}","williamhuichang","2026-09-17 16:31:31"
"3","2","create","{""version"": ""0001"", ""name"": ""add_address_to_user_tab"", ""author"": """", ""type"": ""schema"", ""change"": {""forward"": {""id"": ""edbd584f553368eaeda952147da211801e553528""}, ""backward"": {""id"": ""a4833f8f3e50dd47032bd7a970ac74fcbd6fcaf8""}}, ""dependencies"": [{""version"": ""0000"", ""name"": ""init""}], ""checksum"": ""320fd4db8ba486a134a96c554a9d6c64ba469752""}","williamhuichang","2026-09-17 16:34:18"
"4","2","update_succ","{""version"": ""0001"", ""name"": ""add_address_to_user_tab"", ""author"": """", ""type"": ""schema"", ""change"": {""forward"": {""id"": ""edbd584f553368eaeda952147da211801e553528""}, ""backward"": {""id"": ""a4833f8f3e50dd47032bd7a970ac74fcbd6fcaf8""}}, ""dependencies"": [{""version"": ""0000"", ""name"": ""init""}], ""checksum"": ""320fd4db8ba486a134a96c554a9d6c64ba469752""}","williamhuichang","2026-09-17 16:34:18"
"5","3","create","{""version"": ""0002"", ""name"": ""seed_user_table"", ""author"": """", ""type"": ""data"", ""change"": {""forward"": {""type"": ""sql"", ""sql"": ""INSERT INTO `user` (`id`, `name`, `address`) VALUES (1, 'foo', 'bar');""}, ""backward"": {""type"": ""sql"", ""sql"": ""DELETE FROM `user` WHERE `id`=1;""}}, ""dependencies"": [{""version"": ""0001"", ""name"": ""add_address_to_user_tab""}], ""checksum"": ""23d08a710d88883d39603b24bbe9145930569e08""}","williamhuichang","2026-09-17 16:38:33"
"6","3","update_succ","{""version"": ""0002"", ""name"": ""seed_user_table"", ""author"": """", ""type"": ""data"", ""change"": {""forward"": {""type"": ""sql"", ""sql"": ""INSERT INTO `user` (`id`, `name`, `address`) VALUES (1, 'foo', 'bar');""}, ""backward"": {""type"": ""sql"", ""sql"": ""DELETE FROM `user` WHERE `id`=1;""}}, ""dependencies"": [{""version"": ""0001"", ""name"": ""add_address_to_user_tab""}], ""checksum"": ""23d08a710d88883d39603b24bbe9145930569e08""}","williamhuichang","2026-09-17 16:38:33"
"7","3","update_rollback","{""version"": ""0002"", ""name"": ""seed_user_table"", ""author"": """", ""type"": ""data"", ""change"": {""forward"": {""type"": ""sql"", ""sql"": ""INSERT INTO `user` (`id`, `name`, `address`) VALUES (1, 'foo', 'bar');""}, ""backward"": {""type"": ""sql"", ""sql"": ""DELETE FROM `user` WHERE `id`=1;""}}, ""dependencies"": [{""version"": ""0001"", ""name"": ""add_address_to_user_tab""}], ""checksum"": ""23d08a710d88883d39603b24bbe9145930569e08""}","williamhuichang","2026-09-17 16:39:54"
"8","3","delete","{""version"": ""0002"", ""name"": ""seed_user_table"", ""author"": """", ""type"": ""data"", ""change"": {""forward"": {""type"": ""sql"", ""sql"": ""INSERT INTO `user` (`id`, `name`, `address`) VALUES (1, 'foo', 'bar');""}, ""backward"": {""type"": ""sql"", ""sql"": ""DELETE FROM `user` WHERE `id`=1;""}}, ""dependencies"": [{""version"": ""0001"", ""name"": ""add_address_to_user_tab""}], ""checksum"": ""23d08a710d88883d39603b24bbe9145930569e08""}","williamhuichang","2026-09-17 16:39:54"
"9","2","update_rollback","{""version"": ""0001"", ""name"": ""add_address_to_user_tab"", ""author"": """", ""type"": ""schema"", ""change"": {""forward"": {""id"": ""edbd584f553368eaeda952147da211801e553528""}, ""backward"": {""id"": ""a4833f8f3e50dd47032bd7a970ac74fcbd6fcaf8""}}, ""dependencies"": [{""version"": ""0000"", ""name"": ""init""}], ""checksum"": ""320fd4db8ba486a134a96c554a9d6c64ba469752""}","williamhuichang","2026-09-17 16:39:54"
"10","2","delete","{""version"": ""0001"", ""name"": ""add_address_to_user_tab"", ""author"": """", ""type"": ""schema"", ""change"": {""forward"": {""id"": ""edbd584f553368eaeda952147da211801e553528""}, ""backward"": {""id"": ""a4833f8f3e50dd47032bd7a970ac74fcbd6fcaf8""}}, ""dependencies"": [{""version"": ""0000"", ""name"": ""init""}], ""checksum"": ""320fd4db8ba486a134a96c554a9d6c64ba469752""}","williamhuichang","2026-09-17 16:39:55"
